customer_id,region
C0001,West
C0002,East
C0003,East
C0004,West
C0005,East
C0006,West
C0007,West
C0008,North
C0009,North
C0010,South
C0011,South
C0012,West
C0013,West
C0014,North
C0015,South
C0016,West
C0017,North
C0018,West
C0019,North
C0020,South
C0021,West
C0022,South
C0023,South
C0024,South
C0025,East
C0026,South
C0027,West
C0028,South
C0029,South
C0030,East
C0031,East
C0032,East
C0033,East
C0034,West
C0035,West
C0036,West
C0037,East
C0038,East
C0039,South
C0040,West
C0041,South
C0042,North
C0043,West
C0044,North
C0045,West
C0046,East
C0047,North
C0048,North
C0049,South
C0050,North
C0051,North
C0052,East
C0053,West
C0054,South
C0055,West
C0056,West
C0057,West
C0058,East
C0059,South
C0060,East
C0061,South
C0062,South
C0063,South
C0064,North
C0065,West
C0066,North
C0067,North
C0068,North
C0069,West
C0070,East
C0071,West
C0072,North
C0073,East
C0074,South
C0075,South
C0076,North
C0077,East
C0078,West
C0079,East
C0080,North
C0081,East
C0082,South
C0083,West
C0084,West
C0085,North
C0086,East
C0087,West
C0088,West
C0089,East
C0090,East
C0091,North
C0092,East
C0093,South
C0094,North
C0095,North
C0096,East
C0097,East
C0098,East
C0099,East
C0100,West
C0101,East
C0102,South
C0103,East
C0104,East
C0105,North
C0106,North
C0107,East
C0108,South
C0109,East
C0110,South
C0111,North
C0112,North
C0113,South
C0114,West
C0115,South
C0116,South
C0117,East
C0118,West
C0119,South
C0120,East
C0121,South
C0122,East
C0123,South
C0124,East
C0125,East
C0126,East
C0127,West
C0128,North
C0129,East
C0130,South
C0131,South
C0132,North
C0133,North
C0134,South
C0135,West
C0136,North
C0137,South
C0138,West
C0139,West
C0140,North
C0141,North
C0142,East
C0143,North
C0144,South
C0145,South
C0146,West
C0147,North
C0148,East
C0149,East
C0150,North
C0151,West
C0152,West
C0153,South
C0154,West
C0155,East
C0156,West
C0157,West
C0158,East
C0159,South
C0160,North
C0161,East
C0162,North
C0163,West
C0164,West
C0165,North
C0166,East
C0167,North
C0168,North
C0169,South
C0170,West
C0171,West
C0172,East
C0173,East
C0174,East
C0175,North
C0176,South
C0177,West
C0178,South
C0179,North
C0180,North
C0181,East
C0182,North
C0183,West
C0184,West
C0185,East
C0186,South
C0187,West
C0188,East
C0189,South
C0190,South
C0191,South
C0192,West
C0193,North
C0194,North
C0195,East
C0196,South
C0197,West
C0198,North
C0199,West
C0200,North
