order_id,customer_id,order_date,email,quantity,unit_price,status
10001,C0084,2025-01-01,user290@example.com,3,69.29,pending
10002,C0194,2025-01-01,user340@example.com,5,40.43,delivered
10003,C0022,2025-01-01,user380@example.com,4,67.05,shipped
10004,C0132,2025-01-02,user302@example.com,4,44.41,pending
10005,C0146,2025-01-02,user37@example.com,2,106.86,delivered
10006,C0086,2025-01-02,user135@example.com,2,37.1,pending
10007,C0016,2025-01-03,,2,11.44,shipped
10008,C0105,2025-01-03,user31@example.com,4,118.72,pending
10009,C0087,2025-01-03,user167@example.com,5,88.62,shipped
10010,C0175,2025-01-04,user53@example.com,2,107.45,shipped
10011,C0137,2025-01-04,user222@example.com,2,255.5,delivered
10012,C0069,2025-01-04,user74@example.com,5,49.56,pending
10013,C0012,2025-01-05,user109@example.com,5,90.75,pending
10014,C0119,2025-01-05,user122@example.com,1,70.62,delivered
10015,C0056,2025-01-05,user389@example.com,2,7.28,delivered
10016,C0137,2025-01-06,user179@example.com,1,52.74,delivered
10017,C0173,2025-01-06,user222@example.com,2,11.92,
10018,C0072,2025-01-06,user371@example.com,4,64.58,delivered
10019,C0181,2025-01-07,user6@example.com,3,22.73,shipped
10020,C0104,2025-01-07,user112@example.com,3,20.72,delivered
10021,C0107,2025-01-07,user170@example.com,2,162.72,pending
10022,C0154,2025-01-08,user359@example.com,1,43.06,shipped
10023,C0158,2025-01-08,user289@example.com,4,48.29,delivered
10024,C0182,2025-01-08,user272@example.com,3,79.11,delivered
10025,C0200,2025-01-09,user151@example.com,1,4.77,cancelled
10026,C0031,2025-01-09,user341@example.com,2,26.23,
10027,C0083,2025-01-09,not-an-email,4,30.84,shipped
10028,C0187,2025-01-10,user161@example.com,3,83.94,pending
10029,C0062,2025-01-10,user143@example.com,4,73.36,delivered
10030,C0002,2025-01-10,user2@example.com,4,35.02,shipped
10031,C0116,2025-01-11,user37@example.com,1,196.23,pending
10032,C0151,2025-01-11,user314@example.com,5,38.31,cancelled
10033,C0149,2025-01-11,,3,29.7,shipped
10034,C9999,2025-01-12,user98@example.com,1,82.03,shipped
10035,C0129,2025-01-12,user31@example.com,5,32.08,shipped
10036,C0028,2025-01-12,user57@example.com,3,144.33,shipped
10037,C0170,2025-01-13,user24@example.com,2,77.09,shipped
10038,C0084,2025-01-13,user319@example.com,5,32.12,pending
10039,C0170,2025-01-13,user20@example.com,1,254.03,delivered
10040,C0164,2025-01-14,user274@example.com,3,42.87,pending
10041,C0195,2025-01-14,user317@example.com,1,58.48,pending
10042,C0003,2025-01-14,user85@example.com,4,76.94,shipped
10043,C0174,2025-01-15,user92@example.com,4,78.33,shipped
10044,C0126,2025-01-15,user107@example.com,1,82.0,cancelled
10045,C0098,2025-01-15,user303@example.com,2,16.45,shipped
10046,C0159,2025-01-16,user375@example.com,5,63.17,delivered
10047,C0191,2025-01-16,user302@example.com,2,5.84,shipped
10048,C0103,2025-01-16,user108@example.com,3,48.61,delivered
10049,C0018,2025-01-17,not-an-email,3,54.34,delivered
10050,C0146,2025-01-17,user281@example.com,5,89.98,shipped
10051,C0047,2025-01-17,user169@example.com,4,29.22,shipped
10052,C0046,2025-01-18,user52@example.com,4,74.47,pending
10053,C0039,2025-01-18,user126@example.com,1,41.2,shipped
10054,C0040,2025-01-18,,5,63.7,shipped
10055,C0182,2025-01-19,user206@example.com,3,25.6,shipped
10056,C0073,2025-01-19,user47@example.com,1,120.44,shipped
10057,C0022,2025-01-19,user365@example.com,1,115.83,pending
10058,C0036,2025-01-20,user206@example.com,4,11.27,shipped
10059,C0079,2025-01-20,user140@example.com,5,47.67,shipped
10060,C0070,2025-01-20,user15@example.com,1,43.45,pending
10061,C0063,2025-01-21,user229@example.com,2,6.02,delivered
10062,C0190,2025-01-21,user220@example.com,2,16.95,shipped
10063,C0174,2025-01-21,user61@example.com,5,47.54,cancelled
10064,C0115,2025-01-22,user338@example.com,2,17.97,
10065,C0198,2025-01-22,user202@example.com,4,66.05,delivered
10066,C0069,2025-01-22,user34@example.com,3,100.25,shipped
10067,C0028,2025-01-23,user78@example.com,3,33.58,shipped
10068,C0055,2025-01-23,user110@example.com,4,92.7,shipped
10069,C0018,2025-01-23,user300@example.com,2,153.24,delivered
10070,C0191,2025-01-24,user306@example.com,5,33.84,pending
10071,C0044,2025-01-24,user328@example.com,5,135.47,delivered
10072,C0089,2025-01-24,user243@example.com,1,137.15,delivered
10073,C0041,2025-01-25,user363@example.com,3,152.46,shipped
10074,C0197,2025-01-25,user125@example.com,1,61.66,shipped
10075,C0032,2025-01-25,user233@example.com,3,75.54,shipped
10076,C0104,2025-01-26,user251@example.com,2,29.51,pending
10077,C0191,2025-01-26,user147@example.com,5,115.42,delivered
10078,C0105,31/02/2025,user182@example.com,5,106.15,shipped
10079,C0180,2025-01-27,user282@example.com,2,82.05,delivered
10080,C0180,2025-01-27,user345@example.com,3,61.48,pending
10081,C0154,2025-01-27,user368@example.com,2,34.52,shipped
10082,C0149,2025-01-28,,3,3.83,delivered
10083,C0116,2025-01-28,user287@example.com,5,37.98,shipped
10084,C0117,2025-01-28,user303@example.com,4,9.6,delivered
10085,C0167,2025-01-29,user374@example.com,1,55.16,pending
10086,C0086,2025-01-29,user254@example.com,4,29.38,pending
10087,C0190,2025-01-29,user81@example.com,4,262.45,shipped
10088,C0176,2025-01-30,user296@example.com,2,36.45,shipped
10089,C0075,2025-01-30,user69@example.com,4,26.58,delivered
10090,C0083,2025-01-30,not-an-email,1,201.31,pending
10091,C0143,2025-01-31,user196@example.com,1,11.36,pending
10092,C0185,2025-01-31,user290@example.com,3,141.85,delivered
10093,C0020,2025-01-31,user67@example.com,3,146.0,delivered
10094,C0014,2025-02-01,user279@example.com,5,58.34,shipped
10095,C0050,2025-02-01,user58@example.com,5,16.98,cancelled
10096,C0086,2025-02-01,user155@example.com,3,37.64,shipped
10097,C0033,2025-02-02,user49@example.com,3,70.57,delivered
10098,C0104,2025-02-02,user11@example.com,1,116.94,shipped
10099,C0109,2025-02-02,user130@example.com,1,95.05,shipped
10100,C0191,2025-02-03,user385@example.com,3,87.72,pending
10101,C0150,2025-02-03,user224@example.com,3,44.3,delivered
10102,C0051,2025-02-03,user285@example.com,2,134.14,pending
10103,C0158,2025-02-04,user92@example.com,3,24.4,delivered
10104,C0162,2025-02-04,user82@example.com,3,34.76,cancelled
10105,C0136,2025-02-04,user362@example.com,2,72.49,shipped
10106,C0136,2025-02-05,user292@example.com,3,110.44,shipped
10107,C0063,2025-02-05,user196@example.com,1,89.97,delivered
10108,C0144,2025-02-05,user112@example.com,5,93.09,pending
10109,C0027,2025-02-06,user344@example.com,3,42.12,shipped
10110,C0126,2025-02-06,user188@example.com,2,127.15,pending
10111,C0185,2025-02-06,user22@example.com,3,5.77,delivered
10112,C0195,2025-02-07,user344@example.com,3,35.83,delivered
10113,C0060,2025-02-07,user167@example.com,2,17.4,delivered
10114,C0067,2025-02-07,user179@example.com,4,23.0,delivered
10115,C0124,2025-02-08,user153@example.com,5,87.66,shipped
10116,C0080,2025-02-08,user115@example.com,5,113.54,delivered
10117,C9999,2025-02-08,user240@example.com,1,25.37,delivered
10118,C0041,2025-02-09,user122@example.com,4,62.89,shipped
10119,C0034,2025-02-09,user204@example.com,4,214.49,cancelled
10120,C0011,2025-02-09,,3,80.27,shipped
10121,C0094,2025-02-10,user333@example.com,4,169.33,delivered
10122,C0043,2025-02-10,user88@example.com,5,133.45,delivered
10123,C0060,2025-02-10,user242@example.com,1,143.02,delivered
10124,C0184,2031-01-01,user109@example.com,3,49.66,delivered
10125,C0163,2025-02-11,user74@example.com,1,84.41,cancelled
10126,C0169,2025-02-11,user70@example.com,-1,262.4,shipped
10127,C0119,2025-02-12,user282@example.com,3,32.78,shipped
10128,C0023,2025-02-12,,2,150.35,shipped
10129,C0150,2025-02-12,user318@example.com,1,39.21,pending
10130,C0121,2025-02-13,user186@example.com,1,67.4,pending
10131,C0182,2025-02-13,user182@example.com,2,100.52,shipped
10132,C0096,2025-02-13,user86@example.com,5,46.72,shipped
10133,C0035,2025-02-14,user143@example.com,5,53.53,pending
10134,C0119,2025-02-14,user295@example.com,2,21.23,pending
10135,C0092,2025-02-14,user356@example.com,-1,57.79,delivered
10136,C0132,2025-02-15,user369@example.com,5,18.06,pending
10137,C0076,2025-02-15,user248@example.com,1,87.06,delivered
10138,C0062,2025-02-15,,4,70.04,delivered
10139,C0026,2025-02-16,,3,135.47,pending
10140,C0193,2025-02-16,user229@example.com,3,52.51,shipped
10141,C0152,2025-02-16,user221@example.com,5,134.47,shipped
10142,C0094,2025-02-17,user203@example.com,1,143.18,shipped
10143,C0047,2025-02-17,user210@example.com,2,149.43,shipped
10144,C0126,2025-02-17,user30@example.com,4,110.93,shipped
10145,C0083,2025-02-18,user157@example.com,2,89.38,shipped
10146,C0128,2025-02-18,user50@example.com,1,79.03,pending
10147,C0019,2025-02-18,user342@example.com,3,43.57,shipped
10148,C0037,2025-02-19,user354@example.com,5,61.33,delivered
10149,C0147,2025-02-19,user329@example.com,4,62.11,pending
10150,C0013,2025-02-19,user190@example.com,5,236.31,shipped
10151,C0136,2025-02-20,user320@example.com,2,20.07,shipped
10152,C0083,2025-02-20,user322@example.com,2,51.59,shipped
10153,C9999,2025-02-20,user139@example.com,1,77.92,shipped
10154,C0153,2025-02-21,user27@example.com,1,27.17,pending
10155,C0140,2025-02-21,user337@example.com,2,107.7,shipped
10156,C0164,2025-02-21,user238@example.com,5,36.79,shipped
10157,C0180,2025-02-22,user179@example.com,4,83.54,delivered
10158,C0146,2025-02-22,user346@example.com,3,65.67,pending
10159,C0169,2025-02-22,user380@example.com,3,98.64,delivered
10160,C0023,2025-02-23,user346@example.com,1,18.68,
10161,C0184,2025-02-23,user5@example.com,3,81.37,pending
10162,C0183,2025-02-23,,3,169.23,shipped
10163,C0139,2025-02-24,,4,118.02,pending
10164,C9999,2025-02-24,user209@example.com,2,63.49,pending
10165,C0149,2025-02-24,user94@example.com,5,66.6,shipped
10166,C0176,2025-02-25,,3,73.27,delivered
10167,C0178,2025-02-25,user226@example.com,1,53.38,shipped
10168,C0105,2025-02-25,,4,30.31,shipped
10169,C0164,2025-02-26,user303@example.com,4,64.0,
10170,C0184,2025-02-26,user30@example.com,5,60.73,delivered
10171,C0060,2025-02-26,user153@example.com,3,232.93,delivered
10172,C0010,2025-02-27,user106@example.com,5,92.71,pending
10173,C0035,2025-02-27,user116@example.com,-1,255.86,shipped
10174,C0007,2025-02-27,user325@example.com,1,62.28,delivered
10175,C0087,2025-02-28,user172@example.com,4,99999.0,delivered
10176,C0005,2025-02-28,user188@example.com,3,65.69,shipped
10177,C0052,2025-02-28,user391@example.com,4,30.7,delivered
10178,C0051,2025-03-01,user181@example.com,3,27.16,delivered
10179,C0142,2025-03-01,user300@example.com,4,51.01,shipped
10180,C0050,2025-03-01,user387@example.com,5,126.69,
10181,C0190,2025-03-02,,5,24.16,delivered
10182,C0038,2025-03-02,user128@example.com,1,17.46,shipped
10183,C0195,2025-03-02,user162@example.com,5,61.57,shipped
10184,C0114,2025-03-03,user17@example.com,3,37.2,pending
10185,C0049,2025-03-03,user299@example.com,2,35.07,cancelled
10186,C0008,2025-03-03,user157@example.com,5,179.59,shipped
10187,C0062,2025-03-04,user6@example.com,1,60.86,shipped
10188,C0119,2025-03-04,,2,95.46,pending
10189,C0022,2025-03-04,user71@example.com,5,59.39,delivered
10190,C0034,2025-03-05,user33@example.com,2,109.5,shipped
10191,C0023,2025-03-05,user29@example.com,5,58.67,delivered
10192,C0136,2025-03-05,user227@example.com,3,54.73,shipped
10193,C0018,2025-03-06,user94@example.com,3,102.4,pending
10194,C0005,2025-03-06,user381@example.com,2,59.02,shipped
10195,C0092,2025-03-06,user229@example.com,1,151.46,delivered
10196,C0063,2025-03-07,user232@example.com,5,33.92,shipped
10197,C0115,2025-03-07,user210@example.com,1,170.06,delivered
10198,C0188,2025-03-07,user259@example.com,1,22.39,shipped
10199,C0172,2025-03-08,user313@example.com,-1,44.11,shipped
10200,C0108,2025-03-08,user130@example.com,2,68.29,shipped
10201,C0129,2025-03-08,user245@example.com,4,21.66,shipped
10202,C0163,2025-03-09,user228@example.com,1,37.24,
10203,C0088,2025-03-09,user274@example.com,1,104.72,shipped
10204,C0132,2025-03-09,user301@example.com,4,50.73,pending
10205,C0044,2025-03-10,user305@example.com,1,32.48,pending
10206,C0123,2025-03-10,user236@example.com,2,106.18,delivered
10207,C0048,2025-03-10,user29@example.com,5,66.88,pending
10208,C0039,2025-03-11,user321@example.com,5,94.61,pending
10209,C0153,2025-03-11,user387@example.com,3,165.61,delivered
10210,C0115,2025-03-11,user220@example.com,5,62.17,delivered
10211,C0076,2025-03-12,user176@example.com,5,80.4,pending
10212,C0008,2025-03-12,user80@example.com,5,326.4,shipped
10213,C0048,2025-03-12,user184@example.com,2,6.47,pending
10214,C0161,2025-03-13,user233@example.com,2,72.64,shipped
10215,C0094,2025-03-13,user310@example.com,4,31.16,delivered
10216,C0193,2025-03-13,user196@example.com,1,85.92,shipped
10217,C0181,2025-03-14,user73@example.com,2,30.48,pending
10218,C0171,2025-03-14,,2,42.5,
10219,C0004,2025-03-14,user214@example.com,5,17.79,delivered
10220,C0011,2025-03-15,user248@example.com,5,106.31,shipped
10221,C0116,2025-03-15,user353@example.com,2,63.06,delivered
10222,C9999,2025-03-15,user326@example.com,4,49.03,delivered
10223,C0169,2025-03-16,user232@example.com,3,24.03,shipped
10224,C0064,2025-03-16,,1,141.22,pending
10225,C9999,2025-03-16,user330@example.com,2,10.9,shipped
10226,C0023,2025-03-17,user218@example.com,4,130.89,shipped
10227,C0061,2025-03-17,user337@example.com,4,83.19,shipped
10228,C0126,2025-03-17,user293@example.com,5,39.95,shipped
10229,C9999,2025-03-18,user127@example.com,4,66.73,delivered
10230,C0160,2025-03-18,user161@example.com,5,14.78,shipped
10231,C0061,2025-03-18,user165@example.com,3,160.94,shipped
10232,C0063,2025-03-19,user108@example.com,4,18.31,shipped
10233,C0133,2025-03-19,user308@example.com,4,38.27,delivered
10234,C0173,2025-03-19,user149@example.com,5,117.75,pending
10235,C0088,2025-03-20,user279@example.com,5,44.96,pending
10236,C0160,2025-03-20,user217@example.com,5,74.1,pending
10237,C0061,2025-03-20,user164@example.com,5,72.03,delivered
10238,C0026,2025-03-21,user274@example.com,2,34.56,delivered
10239,C0166,2025-03-21,user70@example.com,5,41.95,pending
10240,C0154,2025-03-21,user224@example.com,1,195.32,shipped
10241,C0151,2025-03-22,user59@example.com,2,117.31,pending
10242,C0177,2025-03-22,user43@example.com,4,94.93,cancelled
10243,C0100,2025-03-22,,-1,65.66,pending
10244,C0040,2025-03-23,user327@example.com,1,28.62,pending
10245,C0118,2025-03-23,user270@example.com,4,17.81,delivered
10246,C0115,2025-03-23,user369@example.com,2,97.18,shipped
10247,C0078,2025-03-24,user242@example.com,4,37.94,shipped
10248,C0128,2025-03-24,user41@example.com,5,49.78,delivered
10249,C0053,2025-03-24,user154@example.com,2,22.18,delivered
10250,C0122,2025-03-25,user100@example.com,3,11.26,shipped
10251,C0159,2025-03-25,user288@example.com,1,67.75,shipped
10252,C0020,2025-03-25,user70@example.com,3,26.9,shipped
10253,C0091,2025-03-26,user241@example.com,5,217.51,pending
10254,C0133,2025-03-26,user339@example.com,5,183.8,shipped
10255,C0011,2025-03-26,user74@example.com,4,49.58,pending
10256,C0127,2025-03-27,user364@example.com,2,136.29,delivered
10257,C0183,2025-03-27,user281@example.com,2,29.13,shipped
10258,C0165,2025-03-27,user18@example.com,5,137.05,delivered
10259,C0138,2025-03-28,user213@example.com,4,232.46,shipped
10260,C0161,2025-03-28,user133@example.com,5,98.77,pending
10261,C0073,2025-03-28,user279@example.com,2,244.03,shipped
10262,C0066,2025-03-29,user77@example.com,2,5.3,shipped
10263,C0017,2025-03-29,,5,59.72,pending
10264,C0145,2025-03-29,,2,50.66,shipped
10265,C0063,2025-03-30,user199@example.com,4,102.25,pending
10266,C0174,2025-03-30,user368@example.com,1,63.45,shipped
10267,C0094,2025-03-30,user376@example.com,1,97.16,shipped
10268,C0179,2025-03-31,user28@example.com,5,70.75,shipped
10269,C0028,2025-03-31,user314@example.com,2,29.67,shipped
10270,C0033,2025-03-31,user69@example.com,1,17.66,delivered
10271,C0070,2025-04-01,,2,129.1,cancelled
10272,C0006,2025-04-01,user195@example.com,1,34.44,shipped
10273,C0099,2025-04-01,user390@example.com,4,94.18,
10274,C0131,2025-04-02,user210@example.com,5,82.61,delivered
10275,C0133,2025-04-02,user234@example.com,1,41.83,shipped
10276,C0043,2025-04-02,user298@example.com,3,14.05,
10277,C0033,2025-04-03,user191@example.com,2,74.89,delivered
10278,C0113,2025-04-03,user175@example.com,4,146.44,shipped
10279,C0127,2025-04-03,user278@example.com,4,16.22,shipped
10280,C0189,2025-04-04,user57@example.com,4,295.5,delivered
10281,C0180,2025-04-04,user352@example.com,1,70.59,delivered
10282,C0076,2025-04-04,,1,86.47,delivered
10283,C0033,2025-04-05,user235@example.com,5,157.68,pending
10284,C0051,2025-04-05,user392@example.com,1,185.21,shipped
10285,C0177,2025-04-05,user305@example.com,3,82.02,shipped
10286,C0092,2025-04-06,user300@example.com,3,110.69,shipped
10287,C0199,2025-04-06,user326@example.com,2,36.59,delivered
10288,C0132,2025-04-06,user47@example.com,1,64.06,delivered
10289,C0120,2025-04-07,user176@example.com,1,19.73,shipped
10290,C0021,2025-04-07,user323@example.com,3,103.39,shipped
10291,C0119,2025-04-07,user105@example.com,1,93.76,shipped
10292,C0077,2025-04-08,user125@example.com,4,95.16,shipped
10293,C0169,2025-04-08,user351@example.com,5,100.21,pending
10294,C0027,2025-04-08,user312@example.com,4,8.82,cancelled
10295,C0039,2025-04-09,user100@example.com,5,54.08,shipped
10296,C0133,2025-04-09,user6@example.com,4,28.09,delivered
10297,C0137,2025-04-09,user193@example.com,4,48.83,delivered
10298,C0167,2025-04-10,user348@example.com,1,95.58,shipped
10299,C0105,2025-04-10,user219@example.com,3,171.29,delivered
10300,C0076,2025-04-10,not-an-email,2,54.67,delivered
10301,C0062,2025-04-11,user193@example.com,1,33.72,delivered
10302,C0075,2025-04-11,user182@example.com,5,42.32,shipped
10303,C0133,2025-04-11,user242@example.com,5,57.92,shipped
10304,C0108,2025-04-12,user265@example.com,1,53.86,shipped
10305,C0060,2025-04-12,user98@example.com,5,75.27,delivered
10306,C0044,2025-04-12,user203@example.com,3,104.43,delivered
10307,C0143,2025-04-13,user196@example.com,4,13.04,shipped
10308,C0050,2025-04-13,user66@example.com,1,11.99,pending
10309,C0042,2025-04-13,user200@example.com,5,34.45,shipped
10310,C0066,2025-04-14,user56@example.com,5,39.43,delivered
10311,C0171,2025-04-14,user79@example.com,4,168.41,pending
10312,C0092,2025-04-14,user114@example.com,1,50.56,delivered
10313,C0119,2025-04-15,user388@example.com,3,122.8,delivered
10314,C0017,2025-04-15,,3,23.61,shipped
10315,C0069,2025-04-15,user343@example.com,2,306.8,shipped
10316,C0151,2025-04-16,user87@example.com,3,128.87,pending
10317,C0155,2025-04-16,user379@example.com,4,24.42,delivered
10318,C0116,2025-04-16,user52@example.com,4,55.35,shipped
10319,C0176,2025-04-17,not-an-email,2,224.32,shipped
10320,C0060,2025-04-17,user186@example.com,5,88.34,shipped
10321,C0033,2025-04-17,user91@example.com,3,40.99,shipped
10322,C0016,2025-04-18,user143@example.com,4,123.03,shipped
10323,C0040,2025-04-18,user163@example.com,5,90.62,shipped
10324,C0153,2025-04-18,user235@example.com,2,7.16,shipped
10325,C0181,2025-04-19,user293@example.com,5,267.1,pending
10326,C0027,2025-04-19,user113@example.com,1,133.91,delivered
10327,C0101,2025-04-19,user153@example.com,2,60.74,cancelled
10328,C0027,2025-04-20,user14@example.com,4,40.71,shipped
10329,C0169,2025-04-20,user104@example.com,4,33.17,
10330,C0027,2025-04-20,user133@example.com,5,8.7,delivered
10331,C0129,2025-04-21,user323@example.com,3,71.42,
10332,C0017,2025-04-21,user302@example.com,1,35.97,pending
10333,C0148,2025-04-21,user309@example.com,3,21.68,shipped
10334,C0182,2025-04-22,user103@example.com,4,33.01,shipped
10335,C0147,2025-04-22,user86@example.com,1,244.73,shipped
10336,C0054,2025-04-22,user162@example.com,1,36.06,delivered
10337,C0169,2025-04-23,user171@example.com,3,99999.0,shipped
10338,C0062,2025-04-23,user302@example.com,3,173.36,pending
10339,C0151,2025-04-23,user346@example.com,3,70.36,
10340,C0167,2025-04-24,user163@example.com,3,113.36,shipped
10341,C0098,2025-04-24,user86@example.com,4,25.78,delivered
10342,C0124,2025-04-24,user354@example.com,4,49.11,shipped
10343,C0172,2025-04-25,user215@example.com,3,72.11,shipped
10344,C0038,2025-04-25,user367@example.com,5,27.57,delivered
10345,C0004,2025-04-25,user156@example.com,3,28.89,pending
10346,C0087,2025-04-26,user124@example.com,4,228.04,delivered
10347,C0037,2025-04-26,user25@example.com,4,148.57,shipped
10348,C0177,2025-04-26,not-an-email,2,62.76,shipped
10349,C0174,2025-04-27,user198@example.com,4,24.97,delivered
10350,C0076,2025-04-27,,4,71.81,shipped
10351,C0062,2025-04-27,user179@example.com,3,25.45,delivered
10352,C0143,2025-04-28,user56@example.com,3,53.97,shipped
10353,C0091,2025-04-28,user388@example.com,3,66.4,shipped
10354,C0020,2025-04-28,user175@example.com,3,73.48,delivered
10355,C0133,2025-04-29,user120@example.com,4,37.78,shipped
10356,C0146,2025-04-29,user241@example.com,2,113.34,shipped
10357,C0015,2025-04-29,user318@example.com,1,157.59,shipped
10358,C0156,2025-04-30,user374@example.com,3,48.36,delivered
10359,C0107,2025-04-30,user273@example.com,5,75.94,shipped
10360,C0166,2025-04-30,user59@example.com,2,43.52,pending
10361,C0171,2025-05-01,user167@example.com,2,76.29,delivered
10362,C0135,2025-05-01,user285@example.com,2,162.05,delivered
10363,C0067,2025-05-01,,5,41.2,delivered
10364,C0075,2025-05-02,user190@example.com,1,35.45,cancelled
10365,C0145,2025-05-02,,3,56.04,shipped
10366,C0013,2025-05-02,user53@example.com,3,49.2,delivered
10367,C0047,2025-05-03,user138@example.com,3,77.09,pending
10368,C0104,2025-05-03,user389@example.com,2,68.53,shipped
10369,C0189,2025-05-03,,4,8.86,shipped
10370,C0152,2025-05-04,user278@example.com,5,143.77,shipped
10371,C0164,2025-05-04,user85@example.com,3,48.51,shipped
10372,C0039,2025-05-04,user52@example.com,5,60.03,delivered
10373,C0057,2025-05-05,user64@example.com,1,40.84,pending
10374,C0054,2025-05-05,user362@example.com,2,148.77,shipped
10375,C0150,2025-05-05,user392@example.com,5,129.24,delivered
10376,C0108,2025-05-06,user42@example.com,4,70.46,pending
10377,C0043,2025-05-06,user283@example.com,1,93.54,pending
10378,C0150,2025-05-06,user37@example.com,5,79.83,shipped
10379,C0128,2025-05-07,user327@example.com,5,33.96,pending
10380,C0180,2025-05-07,user133@example.com,2,53.23,delivered
10381,C0112,2025-05-07,user19@example.com,1,174.54,pending
10382,C0026,31/02/2025,user375@example.com,3,98.21,pending
10383,C0178,2025-05-08,user368@example.com,3,276.97,delivered
10384,C0037,2025-05-08,user14@example.com,3,99.09,pending
10385,C0011,2025-05-09,user156@example.com,4,17.06,delivered
10386,C0160,2025-05-09,user367@example.com,4,89.97,shipped
10387,C0091,2025-05-09,user140@example.com,4,55.03,shipped
10388,C0129,2025-05-10,user245@example.com,5,16.49,shipped
10389,C0026,2025-05-10,user348@example.com,4,16.2,delivered
10390,C0145,2025-05-10,user27@example.com,1,145.66,shipped
10391,C0082,2025-05-11,user197@example.com,1,123.09,shipped
10392,C0200,2025-05-11,user227@example.com,5,31.02,pending
10393,C0128,2025-05-11,user369@example.com,5,48.78,pending
10394,C0188,2025-05-12,user184@example.com,4,57.94,delivered
10395,C0159,31/02/2025,user335@example.com,2,103.5,shipped
10396,C0169,2025-05-12,,4,78.32,shipped
10397,C0018,2025-05-13,user173@example.com,1,172.84,shipped
10398,C0156,2025-05-13,user295@example.com,4,45.73,pending
10399,C0121,2025-05-13,not-an-email,2,190.05,shipped
10400,C0080,31/02/2025,user271@example.com,5,113.55,
10401,C0063,2025-05-14,user247@example.com,4,76.0,delivered
10402,C0129,2025-05-14,user398@example.com,-1,70.93,shipped
10403,C0040,2025-05-15,user241@example.com,4,97.28,delivered
10404,C0037,2025-05-15,not-an-email,4,121.25,shipped
10405,C0175,2025-05-15,user367@example.com,2,52.65,pending
10406,C0152,2025-05-16,user325@example.com,2,46.4,delivered
10407,C0119,2025-05-16,user148@example.com,2,53.61,
10408,C0152,2025-05-16,user165@example.com,3,48.39,pending
10409,C0065,2025-05-17,user266@example.com,2,125.26,cancelled
10410,C0145,2025-05-17,user313@example.com,4,108.25,shipped
10411,C0042,2025-05-17,user281@example.com,3,12.5,shipped
10412,C0089,2025-05-18,user356@example.com,2,43.49,pending
10413,C9999,2025-05-18,user29@example.com,4,22.36,pending
10414,C0076,2025-05-18,user396@example.com,1,55.05,delivered
10415,C0069,2025-05-19,user195@example.com,5,46.81,pending
10416,C0084,2025-05-19,user107@example.com,4,34.91,shipped
10417,C0096,2025-05-19,user87@example.com,1,101.45,delivered
10418,C0007,2025-05-20,user181@example.com,5,45.74,
10419,C0069,2025-05-20,user121@example.com,2,75.7,delivered
10420,C0169,2025-05-20,user377@example.com,4,54.2,shipped
10421,C0087,2025-05-21,user199@example.com,2,101.71,shipped
10422,C0109,2025-05-21,user378@example.com,2,98.79,shipped
10423,C0021,2025-05-21,,1,52.24,shipped
10424,C0078,2025-05-22,user149@example.com,4,99999.0,delivered
10425,C0194,2025-05-22,user160@example.com,3,73.27,shipped
10426,C0110,2025-05-22,user376@example.com,1,166.78,shipped
10427,C0005,2025-05-23,user263@example.com,2,34.04,pending
10428,C0145,2025-05-23,,4,75.64,delivered
10429,C0154,2025-05-23,user299@example.com,4,63.98,shipped
10430,C0077,2025-05-24,user150@example.com,3,55.7,pending
10431,C0007,2025-05-24,user87@example.com,1,228.82,shipped
10432,C0167,2025-05-24,,4,81.72,shipped
10433,C0051,2025-05-25,user34@example.com,2,134.36,shipped
10434,C0184,2025-05-25,user189@example.com,3,139.66,shipped
10435,C0073,2025-05-25,user165@example.com,3,80.92,delivered
10436,C0078,2025-05-26,user179@example.com,2,83.52,shipped
10437,C0159,2025-05-26,user85@example.com,5,33.88,delivered
10438,C0028,2025-05-26,user155@example.com,4,37.65,delivered
10439,C0006,2025-05-27,user50@example.com,1,70.24,pending
10440,C0153,2025-05-27,user173@example.com,3,122.2,pending
10441,C0186,2025-05-27,user294@example.com,1,99999.0,shipped
10442,C0199,2025-05-28,user56@example.com,4,21.77,shipped
10443,C0026,2025-05-28,user61@example.com,2,92.12,shipped
10444,C0030,2025-05-28,user25@example.com,2,127.5,delivered
10445,C0068,2025-05-29,user333@example.com,2,40.52,shipped
10446,C0143,2025-05-29,,1,34.79,shipped
10447,C0183,2031-01-01,user18@example.com,1,16.29,delivered
10448,C0166,2025-05-30,user226@example.com,3,101.16,pending
10449,C0075,2025-05-30,user188@example.com,4,63.27,
10450,C0185,2025-05-30,user269@example.com,4,88.46,shipped
10451,C0052,2025-05-31,user150@example.com,2,33.83,shipped
10452,C0025,2025-05-31,user321@example.com,5,68.36,delivered
10453,C0087,2025-05-31,user203@example.com,4,127.4,shipped
10454,C0019,2025-06-01,user92@example.com,5,67.55,shipped
10455,C0136,2025-06-01,user201@example.com,1,110.32,delivered
10456,C0198,2025-06-01,user94@example.com,1,143.05,shipped
10457,C0022,2025-06-02,user201@example.com,1,74.94,cancelled
10458,C0024,2025-06-02,user111@example.com,4,97.31,shipped
10459,C0036,2025-06-02,user173@example.com,2,128.38,pending
10460,C0036,2025-06-03,user122@example.com,2,122.96,pending
10461,C0107,2025-06-03,user209@example.com,3,154.52,pending
10462,C0115,2025-06-03,user304@example.com,4,72.39,delivered
10463,C0191,2025-06-04,user275@example.com,3,56.95,shipped
10464,C0090,2025-06-04,user150@example.com,2,244.56,pending
10465,C0186,2025-06-04,,2,74.61,delivered
10466,C0151,2025-06-05,user129@example.com,2,99.03,shipped
10467,C0171,2025-06-05,user125@example.com,2,222.72,pending
10468,C0039,2025-06-05,user254@example.com,3,4.93,pending
10469,C0091,2025-06-06,user313@example.com,2,50.26,pending
10470,C0183,2025-06-06,user75@example.com,3,5.96,pending
10471,C0151,2025-06-06,user102@example.com,4,147.28,delivered
10472,C0044,2025-06-07,,4,276.41,delivered
10473,C0170,2025-06-07,user396@example.com,1,57.43,delivered
10474,C0154,2025-06-07,user279@example.com,4,97.69,delivered
10475,C0030,2025-06-08,user64@example.com,2,110.48,cancelled
10476,C0014,2025-06-08,user302@example.com,4,10.39,delivered
10477,C0052,2025-06-08,user123@example.com,5,50.19,shipped
10478,C0095,2025-06-09,user119@example.com,2,85.73,shipped
10479,C0031,2025-06-09,user195@example.com,1,18.35,shipped
10480,C0007,2025-06-09,user254@example.com,4,43.27,shipped
10481,C0023,2025-06-10,user263@example.com,2,143.06,shipped
10482,C0063,2025-06-10,user14@example.com,2,95.49,delivered
10483,C0078,2025-06-10,user296@example.com,4,24.89,delivered
10484,C0063,2025-06-11,user162@example.com,4,28.87,delivered
10485,C0090,2025-06-11,user366@example.com,1,93.04,shipped
10486,C0144,2025-06-11,user231@example.com,3,18.66,pending
10487,C0050,2025-06-12,user374@example.com,2,34.38,shipped
10488,C0092,2025-06-12,user102@example.com,-1,60.69,delivered
10489,C0146,2025-06-12,user265@example.com,4,126.79,shipped
10490,C0012,2025-06-13,user139@example.com,1,40.48,shipped
10491,C0188,2025-06-13,user343@example.com,1,52.41,pending
10492,C0200,2025-06-13,user244@example.com,3,73.27,shipped
10493,C0059,2025-06-14,not-an-email,5,99999.0,delivered
10494,C9999,2025-06-14,user236@example.com,2,54.17,pending
10495,C0051,2025-06-14,user305@example.com,1,177.96,shipped
10496,C0184,2025-06-15,user62@example.com,2,189.2,shipped
10497,C0133,2025-06-15,,2,88.31,shipped
10498,C0050,2025-06-15,user282@example.com,1,82.91,pending
10499,C0013,2025-06-16,user74@example.com,5,80.04,shipped
10500,C0079,2025-06-16,user32@example.com,4,159.36,shipped
10501,C0149,2025-06-16,user223@example.com,4,52.16,pending
10502,C0046,2025-06-17,user387@example.com,5,132.87,shipped
10503,C0103,2025-06-17,user124@example.com,4,117.03,delivered
10504,C0025,2025-06-17,user81@example.com,2,197.66,delivered
10505,C0085,2025-06-18,user290@example.com,1,127.75,delivered
10506,C0007,2025-06-18,user102@example.com,1,50.01,delivered
10507,C0198,2025-06-18,user310@example.com,2,88.97,delivered
10508,C0101,2025-06-19,user80@example.com,4,87.12,
10509,C0169,2025-06-19,user76@example.com,4,32.7,pending
10510,C0025,2025-06-19,user396@example.com,1,47.88,shipped
10511,C0034,2025-06-20,user239@example.com,2,24.17,shipped
10512,C0036,2025-06-20,user115@example.com,5,15.05,shipped
10513,C0114,2025-06-20,user180@example.com,2,103.39,shipped
10514,C0173,2025-06-21,,1,21.3,shipped
10515,C0122,2025-06-21,user19@example.com,2,74.21,shipped
10516,C0097,2025-06-21,user396@example.com,2,38.6,delivered
10517,C0189,2025-06-22,user192@example.com,3,133.0,shipped
10518,C0037,2025-06-22,user380@example.com,3,87.66,shipped
10519,C0033,2025-06-22,user316@example.com,1,89.96,pending
10520,C0134,2025-06-23,user17@example.com,1,119.95,shipped
10521,C0171,2025-06-23,user320@example.com,2,72.85,delivered
10522,C0054,2025-06-23,user208@example.com,2,24.21,shipped
10523,C0053,2025-06-24,user352@example.com,5,68.49,pending
10524,C0106,2025-06-24,user240@example.com,2,89.28,shipped
10525,C0156,2025-06-24,user112@example.com,2,63.93,pending
10526,C0057,2025-06-25,user281@example.com,4,82.44,delivered
10527,C0165,2025-06-25,user115@example.com,2,21.89,shipped
10528,C0104,2025-06-25,user135@example.com,5,79.79,pending
10529,C0142,2025-06-26,user235@example.com,3,246.98,pending
10530,C0126,2025-06-26,user131@example.com,2,30.95,shipped
10531,C0097,2025-06-26,user373@example.com,4,31.84,shipped
10532,C0108,2025-06-27,user2@example.com,4,312.55,delivered
10533,C0199,2025-06-27,user154@example.com,4,110.82,shipped
10534,C9999,2025-06-27,user15@example.com,1,210.85,delivered
10535,C0189,2025-06-28,user288@example.com,2,151.39,pending
10536,C0159,2025-06-28,user220@example.com,3,17.52,delivered
10537,C0037,2025-06-28,user60@example.com,2,175.51,shipped
10538,C0175,2025-06-29,user31@example.com,3,79.04,pending
10539,C0077,2025-06-29,user298@example.com,2,37.07,pending
10540,C0036,2025-06-29,user81@example.com,2,106.81,delivered
10541,C0051,2025-06-30,user336@example.com,3,88.04,shipped
10542,C0028,2025-06-30,user133@example.com,5,96.29,shipped
10543,C0068,2025-06-30,user220@example.com,2,22.69,pending
10544,C0023,2025-07-01,user29@example.com,4,255.41,pending
10545,C0109,2025-07-01,user203@example.com,5,60.23,shipped
10546,C0196,2025-07-01,user13@example.com,1,129.33,pending
10547,C0193,2025-07-02,user90@example.com,5,13.17,delivered
10548,C0189,2025-07-02,user370@example.com,2,22.32,delivered
10549,C0049,2031-01-01,user391@example.com,1,99.16,shipped
10550,C0047,2025-07-03,user174@example.com,5,117.82,
10551,C0136,2025-07-03,user363@example.com,1,38.65,shipped
10552,C0194,2025-07-03,user82@example.com,5,111.39,shipped
10553,C0166,2025-07-04,user235@example.com,2,38.67,shipped
10554,C0042,2025-07-04,user283@example.com,4,42.77,delivered
10555,C0148,2025-07-04,user356@example.com,2,38.07,shipped
10556,C0102,2025-07-05,user4@example.com,5,27.2,delivered
10557,C0089,2025-07-05,user238@example.com,4,18.18,shipped
10558,C0100,2025-07-05,not-an-email,5,69.8,shipped
10559,C0110,2025-07-06,user155@example.com,4,136.45,shipped
10560,C0183,2025-07-06,user384@example.com,4,107.6,shipped
10561,C0159,2025-07-06,user261@example.com,5,267.71,delivered
10562,C0009,2025-07-07,user359@example.com,4,56.17,delivered
10563,C0153,2025-07-07,user77@example.com,2,88.28,delivered
10564,C0064,2025-07-07,user254@example.com,2,33.98,shipped
10565,C0068,2025-07-08,,4,70.64,shipped
10566,C0120,2025-07-08,user38@example.com,2,128.8,delivered
10567,C0197,2025-07-08,user349@example.com,4,82.48,delivered
10568,C0014,2025-07-09,user127@example.com,4,31.78,shipped
10569,C0103,2025-07-09,user169@example.com,1,27.42,delivered
10570,C0048,2025-07-09,user12@example.com,5,40.8,shipped
10571,C0183,2025-07-10,user335@example.com,5,24.63,delivered
10572,C0094,2025-07-10,user88@example.com,2,21.93,pending
10573,C0172,2025-07-10,user396@example.com,2,75.26,delivered
10574,C0177,2025-07-11,user11@example.com,2,20.14,delivered
10575,C0021,2025-07-11,user44@example.com,5,33.38,shipped
10576,C0153,2025-07-11,user51@example.com,1,88.26,pending
10577,C0159,2025-07-12,user271@example.com,1,10.25,shipped
10578,C0166,2025-07-12,user253@example.com,4,100.09,pending
10579,C0198,2025-07-12,user82@example.com,3,26.53,shipped
10580,C0153,2025-07-13,user41@example.com,3,18.18,shipped
10581,C0167,2025-07-13,user105@example.com,5,50.56,pending
10582,C9999,2025-07-13,user63@example.com,4,42.99,shipped
10583,C0060,2025-07-14,user286@example.com,1,51.01,pending
10584,C0170,2025-07-14,user361@example.com,2,163.56,delivered
10585,C0141,2025-07-14,user171@example.com,2,68.98,shipped
10586,C0137,2025-07-15,user134@example.com,4,44.81,delivered
10587,C0195,2025-07-15,,3,86.81,pending
10588,C0148,2025-07-15,user133@example.com,4,78.85,shipped
10589,C0068,2025-07-16,user73@example.com,2,27.0,cancelled
10590,C0061,2025-07-16,user35@example.com,3,43.22,pending
10591,C0066,2025-07-16,user260@example.com,2,38.33,pending
10592,C0034,2025-07-17,user318@example.com,1,20.86,shipped
10593,C0017,2025-07-17,user208@example.com,2,61.62,delivered
10594,C0152,2025-07-17,user270@example.com,3,38.2,shipped
10595,C0157,2025-07-18,user47@example.com,4,55.96,shipped
10596,C0034,2025-07-18,user219@example.com,4,68.79,shipped
10597,C0079,2025-07-18,user269@example.com,4,37.53,shipped
10598,C0184,2025-07-19,user247@example.com,1,166.13,delivered
10599,C0168,2025-07-19,user10@example.com,3,72.86,pending
10600,C0120,2025-07-19,user41@example.com,1,55.46,delivered
10601,C0195,2025-07-20,user394@example.com,1,69.34,delivered
10602,C0066,2025-07-20,user104@example.com,3,157.35,pending
10603,C0169,2025-07-20,user93@example.com,4,26.01,shipped
10604,C0188,2025-07-21,user233@example.com,2,110.0,pending
10605,C0119,2025-07-21,user293@example.com,1,25.21,pending
10606,C0032,2025-07-21,user380@example.com,5,94.78,shipped
10607,C0059,2025-07-22,user297@example.com,3,20.75,shipped
10608,C0103,2025-07-22,user327@example.com,5,53.34,shipped
10609,C0056,2025-07-22,user366@example.com,1,36.14,delivered
10610,C0019,2025-07-23,user256@example.com,5,45.26,shipped
10611,C0035,2025-07-23,user242@example.com,5,122.31,cancelled
10612,C0194,2025-07-23,user208@example.com,5,131.71,shipped
10613,C0077,2025-07-24,user82@example.com,1,63.72,shipped
10614,C0116,2025-07-24,user7@example.com,4,38.2,shipped
10615,C0088,2031-01-01,user49@example.com,3,119.23,shipped
10616,C0161,2025-07-25,user356@example.com,1,23.12,shipped
10617,C0021,2025-07-25,user123@example.com,5,16.32,delivered
10618,C0057,2025-07-25,user27@example.com,5,59.81,delivered
10619,C0117,2025-07-26,user56@example.com,5,59.38,shipped
10620,C0161,2025-07-26,user52@example.com,4,74.9,delivered
10621,C0093,2025-07-26,,1,64.27,shipped
10622,C0141,2025-07-27,,4,322.97,pending
10623,C0161,2025-07-27,user322@example.com,3,32.18,shipped
10624,C0129,2025-07-27,user325@example.com,4,46.5,delivered
10625,C0164,2025-07-28,user383@example.com,3,35.61,shipped
10626,C0191,2025-07-28,user314@example.com,5,123.52,delivered
10627,C0044,2025-07-28,user106@example.com,3,33.61,shipped
10628,C0087,2025-07-29,user181@example.com,2,22.5,delivered
10629,C0046,2025-07-29,user259@example.com,4,56.16,shipped
10630,C0084,2025-07-29,user71@example.com,4,39.17,pending
10631,C0001,2025-07-30,user275@example.com,2,80.85,delivered
10632,C0139,2025-07-30,user15@example.com,3,7.44,shipped
10633,C0048,2025-07-30,user90@example.com,4,112.75,pending
10634,C0168,2025-07-31,user340@example.com,2,77.91,delivered
10635,C0144,2025-07-31,user128@example.com,1,47.75,shipped
10636,C0068,2025-07-31,user391@example.com,2,37.96,pending
10637,C0091,2025-08-01,not-an-email,5,85.98,shipped
10638,C0134,2025-08-01,user98@example.com,1,51.11,shipped
10639,C0084,2025-08-01,user368@example.com,2,84.78,pending
10640,C0042,2025-08-02,user346@example.com,3,200.34,pending
10641,C0009,2025-08-02,,4,67.21,delivered
10642,C0111,2025-08-02,user161@example.com,2,134.76,delivered
10643,C0107,31/02/2025,user363@example.com,5,98.35,delivered
10644,C0154,2025-08-03,user125@example.com,3,38.75,shipped
10645,C0026,2025-08-03,user142@example.com,3,151.63,pending
10646,C0014,2025-08-04,user202@example.com,5,108.4,delivered
10647,C0148,2025-08-04,user145@example.com,3,27.81,delivered
10648,C0146,2025-08-04,user4@example.com,4,81.39,delivered
10649,C0160,2025-08-05,not-an-email,2,206.38,pending
10650,C0004,2025-08-05,user177@example.com,4,123.31,shipped
10651,C0132,2025-08-05,,3,110.73,delivered
10652,C0192,2025-08-06,user80@example.com,5,45.49,shipped
10653,C0153,2025-08-06,user91@example.com,2,63.51,pending
10654,C9999,2025-08-06,user285@example.com,2,89.62,delivered
10655,C0096,2025-08-07,user279@example.com,1,35.26,shipped
10656,C0082,2025-08-07,user201@example.com,3,11.83,delivered
10657,C0011,2025-08-07,user241@example.com,3,183.28,shipped
10658,C0145,2025-08-08,user347@example.com,1,36.9,shipped
10659,C0108,2025-08-08,user351@example.com,1,183.76,pending
10660,C0105,2025-08-08,user358@example.com,2,55.87,delivered
10661,C0187,2025-08-09,user397@example.com,1,30.24,pending
10662,C0147,2025-08-09,user127@example.com,5,23.95,delivered
10663,C0192,2025-08-09,user318@example.com,4,132.48,shipped
10664,C0017,2025-08-10,user112@example.com,1,49.57,delivered
10665,C0191,2025-08-10,user347@example.com,4,18.61,shipped
10666,C0113,2025-08-10,user375@example.com,4,85.86,shipped
10667,C0081,2025-08-11,user176@example.com,4,64.27,shipped
10668,C0112,2025-08-11,user202@example.com,5,38.15,delivered
10669,C0008,2025-08-11,user47@example.com,4,36.32,pending
10670,C0187,2025-08-12,user39@example.com,3,36.5,delivered
10671,C0126,2025-08-12,user79@example.com,4,64.43,shipped
10672,C0008,2025-08-12,user19@example.com,4,42.44,delivered
10673,C0183,2025-08-13,user160@example.com,3,23.11,cancelled
10674,C0091,2025-08-13,user396@example.com,3,127.77,shipped
10675,C0024,2025-08-13,user283@example.com,3,157.98,shipped
10676,C0127,2025-08-14,user232@example.com,2,56.35,delivered
10677,C0014,2025-08-14,user292@example.com,3,65.24,delivered
10678,C0111,2025-08-14,user22@example.com,3,128.26,delivered
10679,C0153,2025-08-15,user262@example.com,4,37.09,shipped
10680,C0015,2025-08-15,user204@example.com,1,83.87,
10681,C0159,2025-08-15,user46@example.com,3,148.61,shipped
10682,C0119,2025-08-16,user202@example.com,2,53.24,pending
10683,C0065,2025-08-16,user266@example.com,1,8.01,pending
10684,C0045,2025-08-16,user174@example.com,2,21.69,shipped
10685,C0003,2025-08-17,user368@example.com,2,35.16,pending
10686,C0040,2025-08-17,user380@example.com,5,63.19,shipped
10687,C0057,2025-08-17,user145@example.com,2,12.11,
10688,C0176,2025-08-18,user379@example.com,2,15.8,shipped
10689,C0103,2025-08-18,user97@example.com,2,87.45,delivered
10690,C0040,2025-08-18,,2,102.41,shipped
10691,C0149,2025-08-19,user259@example.com,5,57.2,cancelled
10692,C0091,2025-08-19,,5,141.25,delivered
10693,C0168,2025-08-19,user128@example.com,2,137.29,cancelled
10694,C0151,2025-08-20,user163@example.com,1,129.6,delivered
10695,C0187,2025-08-20,user275@example.com,1,20.84,shipped
10696,C0142,2025-08-20,user333@example.com,5,212.25,shipped
10697,C0022,2025-08-21,user357@example.com,5,16.99,shipped
10698,C0111,2025-08-21,user249@example.com,5,49.66,shipped
10699,C0085,2025-08-21,user385@example.com,3,4.55,shipped
10700,C9999,2025-08-22,user292@example.com,4,81.71,delivered
10701,C0031,2025-08-22,user349@example.com,4,54.61,delivered
10702,C0094,2025-08-22,user230@example.com,3,102.78,delivered
10703,C0166,2025-08-23,user48@example.com,5,52.29,shipped
10704,C0125,2025-08-23,user84@example.com,1,21.11,delivered
10705,C0008,2025-08-23,,3,60.52,delivered
10706,C0164,2025-08-24,user327@example.com,1,16.23,shipped
10707,C0074,2025-08-24,user166@example.com,4,234.35,shipped
10708,C0136,2025-08-24,user6@example.com,1,11.99,
10709,C0131,2025-08-25,user173@example.com,3,102.47,pending
10710,C0129,2025-08-25,user279@example.com,2,23.95,delivered
10711,C0084,2025-08-25,user396@example.com,5,33.78,shipped
10712,C0082,2025-08-26,user78@example.com,3,39.92,pending
10713,C0021,2025-08-26,user124@example.com,1,110.76,shipped
10714,C0112,2025-08-26,user188@example.com,5,65.51,delivered
10715,C0059,2025-08-27,user195@example.com,3,70.96,shipped
10716,C0080,2025-08-27,,3,17.27,delivered
10717,C0034,2025-08-27,user160@example.com,4,115.28,shipped
10718,C0149,2025-08-28,user216@example.com,5,52.28,delivered
10719,C0185,2025-08-28,user101@example.com,1,44.51,delivered
10720,C0077,2025-08-28,user23@example.com,4,167.54,delivered
10721,C0085,2025-08-29,,3,123.52,delivered
10722,C0094,2025-08-29,user172@example.com,1,67.89,shipped
10723,C0015,31/02/2025,user69@example.com,5,111.65,shipped
10724,C0152,2025-08-30,user264@example.com,3,22.21,shipped
10725,C0177,2025-08-30,user132@example.com,5,57.51,shipped
10726,C0101,2025-08-30,user23@example.com,1,75.23,shipped
10727,C0013,2025-08-31,user214@example.com,4,47.18,delivered
10728,C0068,2025-08-31,user101@example.com,1,37.7,shipped
10729,C0032,2025-08-31,user291@example.com,5,59.62,shipped
10730,C0166,2025-09-01,user8@example.com,5,22.6,delivered
10731,C0161,31/02/2025,user307@example.com,5,59.93,delivered
10732,C0077,2025-09-01,user216@example.com,2,141.26,cancelled
10733,C0076,2025-09-02,user292@example.com,4,96.51,shipped
10734,C0169,2025-09-02,user153@example.com,1,80.46,shipped
10735,C0018,2025-09-02,user352@example.com,5,41.16,delivered
10736,C0158,2025-09-03,user201@example.com,1,236.41,shipped
10737,C0193,2025-09-03,user399@example.com,4,70.13,delivered
10738,C0090,2025-09-03,user119@example.com,4,25.75,shipped
10739,C9999,2025-09-04,user342@example.com,2,251.85,shipped
10740,C0143,2025-09-04,user263@example.com,3,241.97,pending
10741,C0180,2025-09-04,user370@example.com,3,70.68,delivered
10742,C0007,2025-09-05,user70@example.com,1,105.13,pending
10743,C0142,2025-09-05,user205@example.com,1,91.8,pending
10744,C0078,31/02/2025,user362@example.com,4,76.19,pending
10745,C0172,2025-09-06,user98@example.com,4,118.38,shipped
10746,C0173,2025-09-06,user384@example.com,2,38.94,shipped
10747,C0058,2025-09-06,user386@example.com,3,39.4,shipped
10748,C0116,2025-09-07,user197@example.com,4,28.48,
10749,C0099,2025-09-07,user291@example.com,4,91.02,shipped
10750,C0112,2025-09-07,user186@example.com,3,67.14,shipped
10751,C0167,2025-09-08,user263@example.com,5,62.8,pending
10752,C0133,2025-09-08,user343@example.com,3,132.92,pending
10753,C0152,2025-09-08,user296@example.com,1,44.07,shipped
10754,C0136,2025-09-09,user116@example.com,3,58.97,delivered
10755,C0051,2025-09-09,user232@example.com,2,94.59,delivered
10756,C0117,2025-09-09,user321@example.com,4,223.37,shipped
10757,C0076,2025-09-10,,1,221.46,pending
10758,C0085,2025-09-10,user115@example.com,5,111.48,shipped
10759,C0023,2025-09-10,user300@example.com,4,74.11,shipped
10760,C0037,2025-09-11,user288@example.com,4,108.48,shipped
10761,C0069,2025-09-11,user254@example.com,3,109.36,shipped
10762,C0059,2025-09-11,user134@example.com,1,133.52,shipped
10763,C0128,2025-09-12,user225@example.com,3,65.55,shipped
10764,C0059,2025-09-12,user241@example.com,3,17.67,
10765,C0050,2025-09-12,user86@example.com,3,110.5,shipped
10766,C0087,2025-09-13,user370@example.com,2,46.65,delivered
10767,C0114,2025-09-13,user238@example.com,2,67.96,delivered
10768,C0200,2025-09-13,user22@example.com,1,36.69,shipped
10769,C0103,2025-09-14,user108@example.com,3,79.18,delivered
10770,C0071,2025-09-14,user323@example.com,1,19.5,cancelled
10771,C0065,2025-09-14,user277@example.com,4,53.44,shipped
10772,C0090,2025-09-15,user217@example.com,2,111.17,pending
10773,C0186,31/02/2025,user198@example.com,3,56.01,pending
10774,C0075,2025-09-15,user152@example.com,5,52.12,shipped
10775,C0050,2025-09-16,user376@example.com,3,159.01,shipped
10776,C0117,2025-09-16,user140@example.com,4,293.74,shipped
10777,C0155,2025-09-16,user332@example.com,4,59.81,delivered
10778,C0190,2025-09-17,user28@example.com,5,54.79,shipped
10779,C0057,2025-09-17,user213@example.com,1,28.69,pending
10780,C0178,2025-09-17,user104@example.com,4,86.02,delivered
10781,C0172,2025-09-18,user169@example.com,2,133.07,shipped
10782,C0076,2025-09-18,user249@example.com,2,84.76,shipped
10783,C0068,2025-09-18,user27@example.com,5,47.35,delivered
10784,C0054,2025-09-19,user39@example.com,2,99.36,pending
10785,C0064,2025-09-19,user232@example.com,3,69.85,pending
10786,C0177,2025-09-19,user268@example.com,3,51.28,shipped
10787,C0063,2025-09-20,user25@example.com,1,27.19,delivered
10788,C0099,2025-09-20,user384@example.com,2,92.52,shipped
10789,C0187,2025-09-20,user175@example.com,1,69.61,pending
10790,C9999,2025-09-21,user392@example.com,3,160.98,shipped
10791,C0027,2025-09-21,user55@example.com,1,39.92,shipped
10792,C0015,2025-09-21,user355@example.com,4,73.6,delivered
10793,C0045,2025-09-22,user258@example.com,3,94.28,delivered
10794,C0174,2025-09-22,user322@example.com,1,44.79,cancelled
10795,C0046,2025-09-22,user323@example.com,5,52.75,shipped
10796,C0063,2025-09-23,user72@example.com,2,55.1,shipped
10797,C0109,2025-09-23,user68@example.com,2,90.66,shipped
10798,C0099,2025-09-23,user388@example.com,3,194.52,shipped
10799,C0016,2025-09-24,user173@example.com,3,98.47,shipped
10800,C0040,2025-09-24,user81@example.com,4,17.06,shipped
10801,C0199,2025-09-24,user252@example.com,3,31.69,shipped
10802,C0085,2025-09-25,user347@example.com,4,65.11,shipped
10803,C0056,2025-09-25,,2,112.3,delivered
10804,C0166,2025-09-25,,4,79.3,pending
10805,C0094,2025-09-26,user26@example.com,5,106.41,delivered
10806,C0166,2025-09-26,user249@example.com,1,36.29,shipped
10807,C0032,2025-09-26,user150@example.com,1,314.28,shipped
10808,C0095,2025-09-27,user209@example.com,1,54.32,cancelled
10809,C0163,2025-09-27,user242@example.com,2,16.35,shipped
10810,C0154,2025-09-27,user80@example.com,2,69.86,shipped
10811,C0136,2025-09-28,user20@example.com,4,214.52,pending
10812,C0092,2025-09-28,,2,30.5,shipped
10813,C0165,2025-09-28,user381@example.com,-1,104.35,shipped
10814,C0075,2025-09-29,user116@example.com,4,94.65,delivered
10815,C0132,2025-09-29,user224@example.com,5,187.23,delivered
10816,C0110,2025-09-29,user51@example.com,5,86.24,shipped
10817,C0061,2025-09-30,user138@example.com,1,124.71,pending
10818,C0041,2025-09-30,user52@example.com,4,85.17,pending
10819,C0107,2025-09-30,user45@example.com,5,96.78,delivered
10820,C0064,2025-10-01,user320@example.com,1,31.56,shipped
10821,C0104,2025-10-01,user361@example.com,1,25.9,shipped
10822,C0142,2025-10-01,user369@example.com,2,81.0,pending
10823,C0161,2025-10-02,user292@example.com,2,67.76,shipped
10824,C0155,2025-10-02,user57@example.com,5,75.8,delivered
10825,C0103,2025-10-02,user370@example.com,1,156.23,cancelled
10826,C0012,2025-10-03,user6@example.com,5,21.29,shipped
10827,C0037,2025-10-03,user108@example.com,2,66.05,delivered
10828,C0147,2025-10-03,user106@example.com,3,147.0,shipped
10829,C0120,2025-10-04,user297@example.com,3,22.13,delivered
10830,C0164,2025-10-04,user54@example.com,2,30.28,shipped
10831,C0099,2025-10-04,user387@example.com,5,10.64,shipped
10832,C0090,2025-10-05,user76@example.com,2,105.94,shipped
10833,C0049,2025-10-05,user344@example.com,5,93.44,pending
10834,C0013,2025-10-05,user233@example.com,4,16.25,shipped
10835,C0029,2025-10-06,user100@example.com,2,146.13,cancelled
10836,C0137,2025-10-06,user169@example.com,5,45.78,delivered
10837,C0116,2025-10-06,user46@example.com,2,51.29,pending
10838,C0050,2025-10-07,user172@example.com,2,94.87,delivered
10839,C0073,2025-10-07,user277@example.com,5,116.79,pending
10840,C0129,2025-10-07,user83@example.com,1,29.09,delivered
10841,C0077,2025-10-08,user384@example.com,5,80.93,delivered
10842,C0076,2025-10-08,user266@example.com,1,62.76,pending
10843,C0055,2025-10-08,user147@example.com,1,171.9,shipped
10844,C0128,2025-10-09,user116@example.com,1,35.85,shipped
10845,C0179,2025-10-09,user310@example.com,4,170.29,shipped
10846,C0052,2025-10-09,user160@example.com,5,11.14,shipped
10847,C0059,2025-10-10,user376@example.com,5,103.59,shipped
10848,C0096,2025-10-10,user185@example.com,4,183.43,delivered
10849,C0039,2025-10-10,user280@example.com,4,108.19,shipped
10850,C0105,2025-10-11,user361@example.com,5,160.99,pending
10851,C0178,2025-10-11,user380@example.com,5,135.31,shipped
10852,C0127,2025-10-11,user99@example.com,1,17.16,pending
10853,C0033,2025-10-12,user173@example.com,3,39.99,delivered
10854,C0041,2025-10-12,user287@example.com,2,149.86,shipped
10855,C0016,2025-10-12,user164@example.com,1,81.78,cancelled
10856,C0193,2025-10-13,user124@example.com,4,60.74,shipped
10857,C0070,2025-10-13,user248@example.com,3,173.47,shipped
10858,C0058,2025-10-13,user357@example.com,4,95.27,delivered
10859,C0172,2025-10-14,user186@example.com,3,24.03,shipped
10860,C0062,2025-10-14,user158@example.com,1,71.78,delivered
10861,C0047,2025-10-14,user304@example.com,5,48.55,shipped
10862,C0052,2025-10-15,user202@example.com,3,28.38,shipped
10863,C0080,2025-10-15,user124@example.com,2,55.56,delivered
10864,C0014,2025-10-15,user351@example.com,4,46.89,delivered
10865,C0129,2025-10-16,user244@example.com,2,65.73,delivered
10866,C0085,2025-10-16,user269@example.com,4,62.43,shipped
10867,C0195,2025-10-16,user325@example.com,3,50.59,pending
10868,C0155,2025-10-17,user38@example.com,3,45.42,pending
10869,C0077,2025-10-17,user340@example.com,1,66.66,delivered
10870,C0142,2025-10-17,,1,58.23,shipped
10871,C0162,2025-10-18,user5@example.com,5,66.22,delivered
10872,C0040,2025-10-18,user396@example.com,5,64.04,delivered
10873,C0032,2025-10-18,user112@example.com,3,32.34,shipped
10874,C0028,2025-10-19,user12@example.com,3,77.12,shipped
10875,C0010,2025-10-19,user281@example.com,1,25.51,shipped
10876,C0065,2025-10-19,user121@example.com,4,97.62,delivered
10877,C0159,2025-10-20,user167@example.com,4,197.52,pending
10878,C0154,2025-10-20,user383@example.com,3,61.38,delivered
10879,C0076,2025-10-20,not-an-email,2,70.34,delivered
10880,C0098,2025-10-21,user7@example.com,1,256.34,shipped
10881,C0154,2025-10-21,user271@example.com,5,61.75,delivered
10882,C0185,2025-10-21,user65@example.com,2,25.28,shipped
10883,C0057,2025-10-22,user129@example.com,4,88.69,shipped
10884,C0132,2025-10-22,user86@example.com,1,30.37,shipped
10885,C0119,2025-10-22,user365@example.com,4,106.8,delivered
10886,C0125,2025-10-23,user35@example.com,1,21.85,shipped
10887,C0161,2025-10-23,user216@example.com,4,72.38,
10888,C0154,2025-10-23,user189@example.com,2,82.08,pending
10889,C0080,2025-10-24,user221@example.com,3,143.83,delivered
10890,C0151,2025-10-24,,3,90.02,shipped
10891,C9999,2025-10-24,user41@example.com,3,24.51,pending
10892,C0069,31/02/2025,user128@example.com,2,78.7,delivered
10893,C0044,2025-10-25,user227@example.com,2,71.84,shipped
10894,C0052,2025-10-25,user44@example.com,2,181.43,pending
10895,C0181,2025-10-26,user324@example.com,4,48.51,delivered
10896,C0088,2025-10-26,user324@example.com,5,55.29,delivered
10897,C0015,2025-10-26,user211@example.com,2,91.75,shipped
10898,C0098,2025-10-27,,1,55.77,shipped
10899,C0014,2025-10-27,user172@example.com,1,27.2,delivered
10900,C0029,2025-10-27,user225@example.com,1,36.18,pending
10901,C0077,2025-10-28,user186@example.com,4,73.59,cancelled
10902,C0089,2025-10-28,user55@example.com,5,65.79,delivered
10903,C0047,2025-10-28,user71@example.com,2,29.48,shipped
10904,C0128,2025-10-29,user217@example.com,3,55.75,delivered
10905,C0100,2025-10-29,user32@example.com,3,70.44,pending
10906,C0028,2025-10-29,user252@example.com,3,99999.0,delivered
10907,C0165,2025-10-30,user129@example.com,5,15.44,delivered
10908,C0028,2025-10-30,,2,7.87,pending
10909,C0072,2025-10-30,user359@example.com,4,12.2,delivered
10910,C0035,2025-10-31,user345@example.com,3,77.54,shipped
10911,C0189,2025-10-31,user188@example.com,5,72.72,shipped
10912,C0057,2025-10-31,user156@example.com,2,10.23,delivered
10913,C0174,2025-11-01,user325@example.com,5,107.08,pending
10914,C0193,2025-11-01,user204@example.com,5,128.03,delivered
10915,C9999,2025-11-01,,3,67.02,pending
10916,C0006,2025-11-02,user46@example.com,5,86.03,delivered
10917,C0003,2031-01-01,user284@example.com,4,87.18,delivered
10918,C0037,2025-11-02,user225@example.com,2,39.56,pending
10919,C0081,2025-11-03,user85@example.com,5,174.45,delivered
10920,C0034,2025-11-03,user306@example.com,1,29.76,delivered
10921,C0192,2025-11-03,user215@example.com,1,46.99,delivered
10922,C0095,2025-11-04,user292@example.com,5,3.93,
10923,C0170,2025-11-04,user331@example.com,4,110.66,shipped
10924,C0004,2025-11-04,user103@example.com,2,38.61,delivered
10925,C0027,2025-11-05,user324@example.com,5,191.18,shipped
10926,C0092,2025-11-05,,4,180.37,delivered
10927,C0033,2025-11-05,user207@example.com,2,5.24,shipped
10928,C0033,2025-11-06,user288@example.com,5,99999.0,delivered
10929,C0005,2025-11-06,user308@example.com,5,64.45,shipped
10930,C0054,2025-11-06,user170@example.com,4,45.95,delivered
10931,C0153,2025-11-07,user322@example.com,4,29.06,delivered
10932,C0159,2025-11-07,user166@example.com,5,49.44,delivered
10933,C0102,2025-11-07,user354@example.com,5,66.9,shipped
10934,C0037,2025-11-08,user311@example.com,3,61.77,pending
10935,C0090,2025-11-08,user215@example.com,4,51.9,pending
10936,C9999,2025-11-08,user71@example.com,5,85.44,shipped
10937,C0030,2025-11-09,user331@example.com,-1,52.8,pending
10938,C0082,2025-11-09,user256@example.com,3,159.38,cancelled
10939,C0165,2025-11-09,user228@example.com,5,33.29,delivered
10940,C0084,2025-11-10,user287@example.com,2,61.16,shipped
10941,C0095,2025-11-10,user397@example.com,4,89.91,delivered
10942,C0164,2025-11-10,user207@example.com,3,96.39,delivered
10943,C0135,2025-11-11,user154@example.com,3,163.0,shipped
10944,C0033,2025-11-11,user349@example.com,-1,40.99,delivered
10945,C0122,2025-11-11,user260@example.com,4,123.42,delivered
10946,C0185,2025-11-12,user187@example.com,4,61.9,delivered
10947,C0043,2025-11-12,user73@example.com,4,9.75,shipped
10948,C0179,2025-11-12,user186@example.com,5,114.92,delivered
10949,C0118,2025-11-13,user374@example.com,2,19.84,cancelled
10950,C0134,2025-11-13,user114@example.com,1,42.71,shipped
10951,C0067,2025-11-13,user383@example.com,-1,90.58,delivered
10952,C0010,2025-11-14,user367@example.com,1,40.56,shipped
10953,C0006,2025-11-14,user338@example.com,4,29.65,delivered
10954,C0133,2025-11-14,user127@example.com,2,91.9,delivered
10955,C0197,2025-11-15,user318@example.com,4,125.88,delivered
10956,C0121,2025-11-15,user278@example.com,3,38.97,
10957,C0072,2025-11-15,user359@example.com,3,48.47,shipped
10958,C0155,2025-11-16,user164@example.com,5,84.31,shipped
10959,C0190,2025-11-16,user247@example.com,4,66.78,delivered
10960,C0043,2025-11-16,user374@example.com,5,52.01,shipped
10961,C0021,2025-11-17,user365@example.com,2,200.02,shipped
10962,C0191,2025-11-17,user379@example.com,5,50.15,shipped
10963,C0010,2025-11-17,user41@example.com,2,30.01,delivered
10964,C0178,2025-11-18,user12@example.com,4,46.58,
10965,C0029,2025-11-18,user38@example.com,1,82.7,delivered
10966,C0023,2025-11-18,user397@example.com,4,35.49,delivered
10967,C0056,2025-11-19,user167@example.com,5,28.18,delivered
10968,C0064,2025-11-19,user242@example.com,2,15.0,delivered
10969,C0067,2025-11-19,user167@example.com,1,226.7,delivered
10970,C9999,2025-11-20,user30@example.com,2,93.87,shipped
10971,C0171,2025-11-20,not-an-email,1,99999.0,shipped
10972,C0167,2025-11-20,user199@example.com,1,89.94,delivered
10973,C0137,2025-11-21,not-an-email,3,85.91,pending
10974,C0184,2025-11-21,user20@example.com,5,138.57,delivered
10975,C0188,2025-11-21,user47@example.com,3,27.92,delivered
10976,C0198,2025-11-22,,2,138.69,
10977,C0076,2025-11-22,user307@example.com,2,109.97,shipped
10978,C0123,2025-11-22,user74@example.com,1,22.75,delivered
10979,C0153,2025-11-23,user212@example.com,2,72.02,delivered
10980,C0134,2025-11-23,user147@example.com,2,74.28,shipped
10981,C0159,2025-11-23,user261@example.com,3,79.15,shipped
10982,C0136,2025-11-24,user122@example.com,2,6.26,shipped
10983,C0078,2025-11-24,user353@example.com,-1,75.52,shipped
10984,C0115,2025-11-24,user241@example.com,4,46.9,shipped
10985,C9999,2025-11-25,user71@example.com,1,110.87,shipped
10986,C0191,2025-11-25,,1,73.23,shipped
10987,C0180,2025-11-25,user258@example.com,2,39.49,shipped
10988,C0122,2025-11-26,user374@example.com,2,27.06,shipped
10989,C0154,2025-11-26,user369@example.com,1,51.07,shipped
10990,C0068,2025-11-26,user132@example.com,5,77.02,shipped
10991,C0077,2025-11-27,user277@example.com,1,60.1,
10992,C0103,2025-11-27,user228@example.com,5,17.52,delivered
10993,C0053,2025-11-27,user174@example.com,1,171.63,delivered
10994,C0004,2025-11-28,user3@example.com,4,112.14,pending
10995,C0080,2025-11-28,user325@example.com,2,66.17,shipped
10996,C0145,2025-11-28,user149@example.com,3,73.01,shipped
10997,C0053,2025-11-29,user28@example.com,3,93.22,delivered
10998,C0139,2025-11-29,,2,74.95,pending
10999,C0120,2025-11-29,user160@example.com,1,54.05,pending
11000,C0085,2025-11-30,user48@example.com,5,133.17,delivered
10508,C0101,2025-06-19,user80@example.com,4,87.12,
10819,C0107,2025-09-30,user45@example.com,5,96.78,delivered
10453,C0087,2025-05-31,user203@example.com,4,127.4,shipped
10369,C0189,2025-05-03,,4,8.86,shipped
10243,C0100,2025-03-22,,-1,65.66,pending
10930,C0054,2025-11-06,user170@example.com,4,45.95,delivered
10263,C0017,2025-03-29,,5,59.72,pending
10811,C0136,2025-09-28,user20@example.com,4,214.52,pending
10319,C0176,2025-04-17,not-an-email,2,224.32,shipped
10050,C0146,2025-01-17,user281@example.com,5,89.98,shipped
10001,C0183,2031-01-01,user18@example.com,1,16.29,delivered
10002,C0047,2025-02-17,user210@example.com,2,149.43,shipped
10003,C0067,2025-11-19,user167@example.com,1,226.7,delivered
10004,C0087,2025-04-26,user124@example.com,4,228.04,delivered
10005,C0167,2025-11-20,user199@example.com,1,89.94,delivered
10134,C0119,2025-02-14,user295@example.com,2,21.23,pending
10105,C0136,2025-02-04,user362@example.com,2,72.49,shipped
10007,C0016,2025-01-03,,2,11.44,shipped
10601,C0195,2025-07-20,user394@example.com,1,69.34,delivered
10497,C0133,2025-06-15,,2,88.31,shipped
10703,C0166,2025-08-23,user48@example.com,5,52.29,shipped
10473,C0170,2025-06-07,user396@example.com,1,57.43,delivered
10599,C0168,2025-07-19,user10@example.com,3,72.86,pending
10503,C0103,2025-06-17,user124@example.com,4,117.03,delivered
10434,C0184,2025-05-25,user189@example.com,3,139.66,shipped
